region,total_sales,total_profit,avg_profit
Central,501239.76000000024,39706.24000000007,17.09265604821355
East,678781.2999999969,91522.5,32.13570926966292
South,391721.8300000008,46749.48999999997,28.85770987654319
West,725457.7599999978,108418.30999999995,33.84898844832968
