category,total_sales,total_profit,avg_discount
Furniture,741999.7299999986,18451.099999999984,0.17392267798208297
Office Supplies,719046.8999999996,122490.00000000016,0.15728509790906708
Technology,836154.0199999908,145455.43999999997,0.1323226854358401
