region,total_sales,total_profit
Central,501239.76000000024,39706.24000000007
East,678781.2999999969,91522.5
South,391721.8300000008,46749.48999999997
West,725457.7599999978,108418.30999999995
